{
  "staging": {
    "awscloudformation": {
      "AuthRoleName": "amplify-shoppinglists-staging-143052-authRole",
      "UnauthRoleArn": "arn:aws:iam::902359653143:role/amplify-shoppinglists-staging-143052-unauthRole",
      "AuthRoleArn": "arn:aws:iam::902359653143:role/amplify-shoppinglists-staging-143052-authRole",
      "Region": "us-east-1",
      "DeploymentBucketName": "amplify-shoppinglists-staging-143052-deployment",
      "UnauthRoleName": "amplify-shoppinglists-staging-143052-unauthRole",
      "StackName": "amplify-shoppinglists-staging-143052",
      "StackId": "arn:aws:cloudformation:us-east-1:902359653143:stack/amplify-shoppinglists-staging-143052/8158a170-32a7-11ed-9d82-129f1a1cc911",
      "AmplifyAppId": "dtwpgweuxhd87"
    }
  }
}