{
    "UserAgent": "aws-amplify/cli",
    "Version": "0.1.0",
    "IdentityManager": {
        "Default": {}
    },
    "CredentialsProvider": {
        "CognitoIdentity": {
            "Default": {
                "PoolId": "us-east-1:2bc347cb-b1da-422d-ad6e-5210e730518f",
                "Region": "us-east-1"
            }
        }
    },
    "CognitoUserPool": {
        "Default": {
            "PoolId": "us-east-1_A52PFXQ5C",
            "AppClientId": "7m3cpipib83j007l8qvbbeqh7g",
            "Region": "us-east-1"
        }
    },
    "Auth": {
        "Default": {
            "authenticationFlowType": "USER_SRP_AUTH",
            "socialProviders": [],
            "usernameAttributes": [
                "EMAIL"
            ],
            "signupAttributes": [],
            "passwordProtectionSettings": {
                "passwordPolicyMinLength": 8,
                "passwordPolicyCharacters": [
                    "REQUIRES_LOWERCASE",
                    "REQUIRES_NUMBERS",
                    "REQUIRES_SYMBOLS",
                    "REQUIRES_UPPERCASE"
                ]
            },
            "mfaConfiguration": "OFF",
            "mfaTypes": [
                "SMS"
            ],
            "verificationMechanisms": [
                "EMAIL"
            ]
        }
    },
    "AppSync": {
        "Default": {
            "ApiUrl": "https://xybvcet3nrf7raontvfb263q6e.appsync-api.us-east-1.amazonaws.com/graphql",
            "Region": "us-east-1",
            "AuthMode": "API_KEY",
            "ApiKey": "da2-glreajvtfrao7cuspljjo4iydy",
            "ClientDatabasePrefix": "ShoppingLists_API_KEY"
        },
        "ShoppingLists_AWS_IAM": {
            "ApiUrl": "https://xybvcet3nrf7raontvfb263q6e.appsync-api.us-east-1.amazonaws.com/graphql",
            "Region": "us-east-1",
            "AuthMode": "AWS_IAM",
            "ClientDatabasePrefix": "ShoppingLists_AWS_IAM"
        }
    }
}